FID,OBJECTID,CNTY_FIPS,COUNTY,MSSA_ID,MSSA_NAME,NAME,HPSAID,DEFINITION,TYPE,SUBTYPE,DESIGNATIO,HPSA_DESIG,HPSA_LASTU,FTE,SCORE,HPSA_POVER,HPSA_SHORT,HPSA_DEGRE,HPSA_RATIO,HPSA_RAT_1,POP_CIV,POP,POVERTY_UN,POP100POV,POP200POV,PCT100POV,PCT200POV,UNIT_COUNT,CREATOR,CREATED,EDITOR,EDITED,Shape_STAr,Shape_STLe,Shape_Leng,Shape_Area,Shape__Area,Shape__Length
1,1,007,Butte,10,Oroville/Palermo/Thermalito,Butte County,7063867880,Rural,Mental Health,Hpsa Geographic High Needs,Designated,1475539200000,1475539200000,3.7,20,21.5,10.74,0,58538:1,58538,47268,48688,47268,10289,23283,21.76736904,49.25742574,12, ,, ,,718655672.9,159552.373462,159552.373462,718655672.9,1207559960.59766,206854.287429367
2,2,049,Modoc,100,Adin/Lookout/Newell,Modoc County,7064264160,Frontier,Mental Health,Hpsa Geographic High Needs,Designated,1196208000000,1509148800000,0,17,20.9,0.6,0, ,0,2214,2214,2214,447,1211,20.1897019,54.69738031,1, ,, ,,2447240343.36,322875.117678,322875.117678,2447240343.36,4367055413.71875,431655.339997557
3,3,051,Mono,102,Benton/Bridgeport/Chalfant/Crowley Lake/Coleville/Hammill Valley/June Lake/Lee Vining/Paradise/Sunny Slopes/Topaz/Walker,Mono County,7067685474,Frontier,Mental Health,Hpsa Geographic High Needs,Designated,1486944000000,1486944000000,0,17,5,0,0, ,0,5918,6002,5918,390,1655,6.59006421,27.96552889,2, ,, ,,7939536201.26,557830.126475,557830.126475,7939536201.26,12788563419.4766,708135.330176229
4,4,051,Mono,103,Mammoth Lakes,Mono County,7067685474,Rural,Mental Health,Hpsa Geographic High Needs,Designated,1486944000000,1486944000000,0,17,5,0,0, ,0,8192,8215,8192,807,3602,9.85107422,43.96972656,1, ,, ,,171932338.259,63370.3542234,63370.3542234,171932338.259,274650218.898438,80096.8195823201
5,5,053,Monterey,104,Big Sur/Lucia,MSSA 104/Big Sur/Lucia,7064465115,Frontier,Mental Health,Hpsa Geographic High Needs,Designated,1204156800000,1509148800000,0.05,13,25,0.04,0,26200:1,26200,1295,1303,1295,312,507,24.09266409,39.15057915,1, ,, ,,650842202.391,206605.966559,206605.966559,650842202.391,1002874960.60938,256407.662682408
6,6,053,Monterey,105,King City/San Lucas,MSSA's 105 and 106/King City/San Ardo,7062754675,Rural,Mental Health,Hpsa Geographic High Needs,Designated,1492041600000,1492041600000,0,18,21.8,0,0, ,0,16108,16311,16108,2990,8401,18.56220512,52.15420909,3, ,, ,,1169477553.38,264998.048152,264998.048152,1169477553.38,1799938048.20703,328752.63354788
7,7,053,Monterey,106,Bradley/San Ardo,MSSA's 105 and 106/King City/San Ardo,7062754675,Frontier,Mental Health,Hpsa Geographic High Needs,Designated,1492041600000,1492041600000,0,18,21.8,0,0, ,0,2945,3566,2945,363,1008,12.32597623,34.22750424,1, ,, ,,3709183662.09,398984.927521,398984.927521,3709183662.09,5673273202.32031,493541.616169194
8,8,057,Nevada,113,Grass Valley/Nevada City/Penn Valley/Rough and Ready/Wildwood,Nevada County,7066034136,Rural,Mental Health,Hpsa Geographic High Needs,Designated,1199318400000,1509148800000,1.8,14,12.4,4.72,0,54294:1,54294,77609,78349,77609,9206,21503,11.86202631,27.70683812,15, ,, ,,1065418094.33,195829.412481,195829.412481,1065418094.33,1775961654.32422,252885.575402613
9,9,057,Nevada,114,North Bloomfield/North San Juan/Truckee,Nevada County,7066034136,Rural,Mental Health,Hpsa Geographic High Needs,Designated,1199318400000,1509148800000,1.8,14,12.4,4.72,0,54294:1,54294,20101,20160,20101,2490,5814,12.38744341,28.92393413,5, ,, ,,1456704764.28,292543.727503,292543.727503,1456704764.28,2441634671.62891,378548.833766611
10,10,061,Placer,117,Dollar Point/Kings Beach/Sunnyside/Tahoe City/Tahoe Vista,MSSA 117-Dollar Point,7068834533,Rural,Mental Health,Hpsa Geographic High Needs,Designated,1490832000000,1490832000000,0,17,10.8,0,0, ,0,12682,12724,12682,1350,4021,10.64500867,31.70635546,9, ,, ,,644931487.737,177370.860076,177370.860076,644931487.737,1076463343.30859,229051.772494572
11,11,065,Riverside,126,Blythe,MSSA 126-Blythe,7064157539,Rural,Mental Health,Hpsa Geographic High Needs,Designated,1356566400000,1509148800000,0,19,24.2,1.03,0, ,0,15238,15561,15238,3138,7407,20.59325371,48.6087413,6, ,, ,,436563995.818,102521.061852,102521.061852,436563995.818,630381574.515625,123246.9604496
12,12,065,Riverside,127,Chiriaco Summit/Desert Center/Eagle Mountain,MSSA 127/128/130-Desert Center/Coachella/Idyllwild,7065503603,Frontier,Mental Health,Hpsa Geographic High Needs,Designated,1281052800000,1486598400000,4.25,14,28.8,0,0,28064:1,28064,2259,9753,2259,593,1350,26.25055334,59.76095618,3, ,, ,,9942671423.28,497645.713838,497645.713838,9942671423.28,14428916599.3945,598959.677164044
13,13,065,Riverside,128,Arabia/Coachella/Desert Beach/Flowing Wells/Indio South/La Quinta East/Mecca/Oasis/Thermal,MSSA 127/128/130-Desert Center/Coachella/Idyllwild,7065503603,Urban,Mental Health,Hpsa Geographic High Needs,Designated,1281052800000,1486598400000,4.25,14,28.8,0,0,28064:1,28064,103459,104372,103459,32041,63302,30.96975614,61.18559043,17, ,, ,,789063907.576,170750.759722,170750.759722,789063907.576,1138862683.53125,204977.831814531
14,14,065,Riverside,129.2,Bermuda Dunes North/Indio North,Low Income-MSSA 129.2/Bermuda Dunes/Indio North,7065321015,Urban,Mental Health,Hpsa Population,Designated,1376265600000,1503878400000,0,19,19.3,1.6,0, ,0,53460,53651,53460,9765,22064,18.26599327,41.27197905,12, ,, ,,157436734.957,63421.222763,63421.222763,157436734.957,228496690.238281,76419.7979899935
15,15,071,San Bernardino,142,Argus/Borosalvay/Trona,MSSA 142/Argus/Trona,7067292419,Frontier,Mental Health,Hpsa Geographic High Needs,Designated,1156118400000,1509148800000,0,13,26,0.15,0, ,0,2359,2366,2359,545,998,23.10300975,42.30606189,1, ,, ,,3523297349.47,280475.207888,280475.207888,3523297349.47,5333476557.90234,345043.176447373
16,16,071,San Bernardino,143,Big River/Needles,Low Income-MSSAs 143 and 144.3-Needles/Twentynine PA,7068188657,Frontier,Mental Health,Hpsa Population,Designated,1352937600000,1509148800000,0,17,21.2,0.86,0, ,0,6547,6555,6547,1796,3527,27.43241179,53.87200244,3, ,, ,,7529551120.11,411237.316869,411237.316869,7529551120.11,11114728512.2539,499800.378705957
17,17,073,San Diego,161f,La Mesa/Rolando South,Low Income-MSSA 161F/LA Mesa,7067991982,Urban,Mental Health,Hpsa Population,Designated,1459209600000,1509148800000,1.2,5,15,0.72,0,23942:1,23942,80612,81594,80612,12131,27568,15.048628,34.19838237,17, ,, ,,29556606.3204,33961.3262169,33961.3262169,29556606.3205,41912231.9648438,40431.9971057592
18,18,073,San Diego,161j,Castle Park/Chula Vista Southwest/Imperial Beach West/Nestor East/Palm City/San Ysidro/South San Diego,Low Income - MSSA 161J/San Ysidro,7065011343,Urban,Mental Health,Hpsa Population,Designated,1336608000000,1509148800000,0,13,22.6,4.27,0, ,0,150896,155495,150896,30452,68865,20.18078677,45.63739264,35, ,, ,,120618355.826,177964.006932,177964.006932,120618355.826,170386802.054688,211470.638519099
19,19,089,Shasta,186,Anderson/Cottonwood/French Gulch/Happy Valley/Igo/Ono/Platina/Shasta,Shasta County,7061865217,Rural,Mental Health,Hpsa Geographic High Needs,Designated,1474502400000,1474502400000,5.78,15,17.9,5.94,0,30421:1,30421,33040,33262,33040,6483,14984,19.6216707,45.35108959,8, ,, ,,1872551937.41,327749.289644,327749.289644,1872551937.41,3245363210.21094,431379.013189437
20,20,089,Shasta,187,Castella/Lakehead/O’Brien,Shasta County,7061865217,Frontier,Mental Health,Hpsa Geographic High Needs,Designated,1474502400000,1474502400000,5.78,15,17.9,5.94,0,30421:1,30421,1427,1427,1427,403,556,28.24106517,38.96285915,1, ,, ,,1269403050.66,203241.973975,203241.973975,1269403050.66,2230443810.82422,269362.638448735
21,21,089,Shasta,188.1,Big Bend/Montgomery Creek/Oak Run/Round Mountain,Shasta County,7061865217,Frontier,Mental Health,Hpsa Geographic High Needs,Designated,1474502400000,1474502400000,5.78,15,17.9,5.94,0,30421:1,30421,4768,4958,4768,582,1483,12.20637584,31.10318792,1, ,, ,,2390254510.57,291779.08071,291779.08071,2390254510.57,4184109491.09375,386083.92432659
22,22,089,Shasta,188.2,Manton/Millville/Shingletown/Viola,Shasta County,7061865217,Frontier,Mental Health,Hpsa Geographic High Needs,Designated,1474502400000,1474502400000,5.78,15,17.9,5.94,0,30421:1,30421,6321,6334,6321,741,2313,11.72282867,36.59231134,2, ,, ,,1528676285.28,241583.905628,241583.905628,1528676285.28,2648817603.61719,317887.481595688
23,23,089,Shasta,189.1,Palo Cedro,Shasta County,7061865217,Rural,Mental Health,Hpsa Geographic High Needs,Designated,1474502400000,1474502400000,5.78,15,17.9,5.94,0,30421:1,30421,4704,4726,4704,448,1020,9.52380952,21.68367347,1, ,, ,,66739761.0333,42748.6404655,42748.6404655,66739761.0333,115681552.488281,56306.2153662181
24,24,089,Shasta,189.2,Redding,Shasta County,7061865217,Urban,Mental Health,Hpsa Geographic High Needs,Designated,1474502400000,1474502400000,5.78,15,17.9,5.94,0,30421:1,30421,97775,99910,97775,17101,39404,17.49015597,40.30069036,26, ,, ,,258649861.422,100962.288218,100962.288218,258649861.422,448587225.699219,132987.976763166
25,25,089,Shasta,189.3,Bella Vista/City of Shasta Lake,Shasta County,7061865217,Rural,Mental Health,Hpsa Geographic High Needs,Designated,1474502400000,1474502400000,5.78,15,17.9,5.94,0,30421:1,30421,19967,20088,19967,3710,8206,18.58065809,41.09781139,7, ,, ,,258454098.544,105475.262301,105475.262301,258454098.544,449916393.453125,139164.376334783
26,26,091,Sierra,191,Alleghany/Calpine/Downieville/Goodyear Bar/Sattley/Sierra City/Sierraville,Sierra County,7069448249,Frontier,Mental Health,Hpsa Geographic High Needs,Designated,1199318400000,1509148800000,0,11,16.2,0.2,0, ,0,3092,3127,3092,599,1120,19.37257439,36.2225097,1, ,, ,,2491477503.97,289364.179364,289364.179364,2491477503.97,4199578340.28906,375574.904250516
27,27,093,Siskiyou,193,Happy Camp,Siskiyou County,7068851186,Frontier,Mental Health,Hpsa Geographic High Needs,Designated,1437436800000,1509148800000,1.4,14,22.7,1.51,0,31231:1,31231,2076,2085,2076,659,1159,31.74373796,55.82851638,1, ,, ,,3200533156.06,324099.667542,324099.667542,3200533156.06,5753766130.43359,434196.30311073
28,28,093,Siskiyou,194,Etna/Fort Jones/Greenview,Siskiyou County,7068851186,Frontier,Mental Health,Hpsa Geographic High Needs,Designated,1437436800000,1509148800000,1.4,14,22.7,1.51,0,31231:1,31231,4942,4948,4942,869,1958,17.5839741,39.61958721,2, ,, ,,3765747898.97,389442.803709,389442.803709,3765747898.97,6698875715.92969,519646.240970899
29,29,093,Siskiyou,195,Gazelle/Grenada/Hilt/Hornbrook/Yreka,Siskiyou County,7068851186,Rural,Mental Health,Hpsa Geographic High Needs,Designated,1437436800000,1509148800000,1.4,14,22.7,1.51,0,31231:1,31231,15965,16238,15965,3802,7529,23.81459443,47.15941121,5, ,, ,,2729981704.14,336717.606888,336717.606888,2729981704.14,4912830692.68359,451232.737874054
30,30,093,Siskiyou,196,Tulelake,Siskiyou County,7068851186,Frontier,Mental Health,Hpsa Geographic High Needs,Designated,1437436800000,1509148800000,1.4,14,22.7,1.51,0,31231:1,31231,1418,1418,1418,338,798,23.83638928,56.2764457,1, ,, ,,904652018.139,176904.128834,176904.128834,904652018.14,1628569445.66016,237389.185477362
31,31,093,Siskiyou,197,Carrick/Edgewood/Mount Shasta/Weed,Siskiyou County,7068851186,Rural,Mental Health,Hpsa Geographic High Needs,Designated,1437436800000,1509148800000,1.4,14,22.7,1.51,0,31231:1,31231,13891,14194,13891,2505,5054,18.03325894,36.38326974,2, ,, ,,1031926481.49,201350.045441,201350.045441,1031926481.49,1837200176.25781,268586.009383347
32,32,093,Siskiyou,198,Dunsmuir,Siskiyou County,7068851186,Rural,Mental Health,Hpsa Geographic High Needs,Designated,1437436800000,1509148800000,1.4,14,22.7,1.51,0,31231:1,31231,2100,2104,2100,397,1028,18.9047619,48.95238095,1, ,, ,,234489294.762,87572.6930648,87572.6930648,234489294.761,414900882.695313,116367.946278239
33,33,093,Siskiyou,199,McCloud/Tennant,Siskiyou County,7068851186,Frontier,Mental Health,Hpsa Geographic High Needs,Designated,1437436800000,1509148800000,1.4,14,22.7,1.51,0,31231:1,31231,1605,1605,1605,331,665,20.62305296,41.43302181,1, ,, ,,3199131520.72,276083.817062,276083.817062,3199131520.72,5692860868.45703,368308.498473632
34,34,093,Siskiyou,200,Dorris/Macdoel/Mount Hebron,Siskiyou County,7068851186,Frontier,Mental Health,Hpsa Geographic High Needs,Designated,1437436800000,1509148800000,1.4,14,22.7,1.51,0,31231:1,31231,1911,1911,1911,315,1197,16.48351648,62.63736264,1, ,, ,,1372925300.74,191593.761074,191593.761074,1372925300.74,2476938834.56641,257124.869949645
35,35,053,Monterey,107,Chualar/Gonzalez/Greenfield/Soledad,MSSA 107-Soledad,7061677076,Rural,Mental Health,Hpsa Geographic High Needs,Designated,1492992000000,1492992000000,0,18,22.7,0,0, ,0,44662,55285,44662,9682,23868,21.67838431,53.44140433,8, ,, ,,1267871480.44,231458.87762,231458.87762,1267871480.44,1962055356.57422,287904.521253776
36,36,007,Butte,11,Berry Creek/Brownsville/Concow/Feather Falls/Forbestown,Butte County,7063867880,Frontier,Mental Health,Hpsa Geographic High Needs,Designated,1475539200000,1475539200000,3.7,20,21.5,10.74,0,58538:1,58538,4990,5000,4990,1361,2293,27.2745491,45.95190381,1, ,, ,,1151811464.69,201476.620257,201476.620257,1151811464.69,1946578433.52734,261941.660065858
37,37,065,Riverside,129.4,Cathedral City Southeast/Palm Desert North/Palm Springs South/Rancho Mirage North,Low Income-MSSA 129.4/Palm Springs/Cathedral City,7068949776,Urban,Mental Health,Hpsa Population,Designated,1376265600000,1503878400000,1.01,20,21.6,3.61,0,68631:1,68631,135632,136270,135632,28726,66076,21.1793677,48.7171169,36, ,, ,,756431919.223,162917.474481,162917.474481,756431919.223,1101062746.65234,196431.069943995
38,38,065,Riverside,130,Idyllwild/Pine Cove,MSSA 127/128/130-Desert Center/Coachella/Idyllwild,7065503603,Rural,Mental Health,Hpsa Geographic High Needs,Designated,1281052800000,1486598400000,4.25,14,28.8,0,0,28064:1,28064,11286,11533,11286,1290,4417,11.43009038,39.13698387,4, ,, ,,2170112822.8,290006.329785,290006.329785,2170112822.8,3135782668.05859,348572.008336016
39,39,071,San Bernardino,148,Lytle Creek/Wrightwood,MSSA 148/Lytle Creek/Wrightwood,7063440783,Rural,Mental Health,Hpsa Geographic,Designated,1156464000000,1501459200000,0,9,10.5,0.34,0, ,0,6583,6677,6583,367,1413,5.57496582,21.46437794,2, ,, ,,461396629.602,107234.603108,107234.603108,461396629.601,677257723.433594,129907.217808951
40,40,071,San Bernardino,149,Barstow/Daggett/Lenwood/Nebo Center/Oro Grande/Yermo,MSSA 149/Barstow,7063034386,Rural,Mental Health,Hpsa Geographic High Needs,Designated,1492992000000,1492992000000,0,18,23.9,0,0, ,0,52836,53416,52836,12237,23848,23.16034522,45.13589219,11, ,, ,,5990071544.33,413135.652532,413135.652532,5990071544.33,8927504509.07031,504207.005922233
41,41,011,Colusa,15,Colusa,Colusa County,7062564878,Rural,Mental Health,Hpsa Geographic High Needs,Designated,1182729600000,1511913600000,0.63,14,14.4,0.78,0,33624:1,33624,7616,7690,7616,803,3094,10.54359244,40.625,2, ,, ,,391340097.517,127382.544117,127382.544117,391340097.517,653276916.71875,164593.125171115
42,42,071,San Bernardino,150,Baker/Harvard/Newberry Springs,MSSA 150/Baker/Harvard/Newberry Springs,7066314683,Frontier,Mental Health,Hpsa Geographic,Designated,1156377600000,1492041600000,0,14,12.3,0,0, ,0,10943,12610,10943,1452,3929,13.26875628,35.90423102,2, ,, ,,20696458313.6,651415.929476,651415.929476,20696458313.6,31061207849.543,797526.553320128
43,43,039,Madera,79.1,Oakhurst/Yosemite Lakes,Madera County,7069600543,Rural,Mental Health,Hpsa Geographic High Needs,Designated,929491200000,1483660800000,1.4,16,23.1,0,0,102691:1,102691,26356,26533,26356,3678,9753,13.95507664,37.00485658,6, ,, ,,3573861562.56,343182.214663,343182.214663,3573861562.56,5666837014.08594,432025.118278546
44,44,039,Madera,79.2,Chowchilla,Madera County,7069600543,Rural,Mental Health,Hpsa Geographic High Needs,Designated,929491200000,1483660800000,1.4,16,23.1,0,0,102691:1,102691,16919,23752,16919,4310,8525,25.47431881,50.38713872,3, ,, ,,405677162.826,97603.3811941,97603.3811941,405677162.826,638610378.113281,122447.080679081
45,45,007,Butte,8,Magalia/Paradise/Stirling City,Butte County,7063867880,Rural,Mental Health,Hpsa Geographic High Needs,Designated,1475539200000,1475539200000,3.7,20,21.5,10.74,0,58538:1,58538,40369,40741,40369,6783,15124,16.80249697,37.46439099,9, ,, ,,618811168.76,190223.650465,190223.650465,618811168.76,1051015079.79688,248001.010277732
46,46,039,Madera,80,Madera,Madera County,7069600543,Rural,Mental Health,Hpsa Geographic High Needs,Designated,929491200000,1483660800000,1.4,16,23.1,0,0,102691:1,102691,100018,101150,100018,24616,54819,24.61156992,54.80913436,14, ,, ,,1597452518.69,267466.680079,267466.680079,1597452518.69,2505120789.68359,334956.360930995
47,47,107,Tulare,231,Alpaugh/Earlimart/Pixley/Porterville/Rich Grove/Terra Bella,MSSA 231/Alpaugh,7062955870,Rural,Mental Health,Hpsa Geographic High Needs,Designated,1383868800000,1509148800000,5,12,35.9,1.69,0,20072:1,20072,99312,100770,99312,33017,62494,33.24573063,62.92693733,17, ,, ,,1661589542.32,244065.499203,244065.499203,1661589542.32,2539123198.37891,301718.685751799
48,48,109,Tuolumne,234.1,Chinese Camp,Tuolumne County,7067154992,Rural,Mental Health,Hpsa Geographic High Needs,Designated,1492387200000,1492387200000,1.38,15,14.6,0,0,36749:1,36749,1986,5129,1986,112,448,5.63947633,22.55790534,2, ,, ,,547798865.098,157863.868801,157863.868801,547798865.098,878675843.378906,199964.814364116
49,49,109,Tuolumne,234.2,Columbia/Jamestown/Sonora,Tuolumne County,7067154992,Rural,Mental Health,Hpsa Geographic High Needs,Designated,1492387200000,1492387200000,1.38,15,14.6,0,0,36749:1,36749,21022,21442,21022,3956,8651,18.81838074,41.15212634,4, ,, ,,1107422647.53,286382.667342,286382.667342,1107422647.53,1794409254.07422,364274.651618388
50,50,109,Tuolumne,235,Big Oak Flat/Groveland,Tuolumne County,7067154992,Frontier,Mental Health,Hpsa Geographic High Needs,Designated,1492387200000,1492387200000,1.38,15,14.6,0,0,36749:1,36749,3511,3513,3511,586,1090,16.69040159,31.04528624,1, ,, ,,2198740995.23,370412.437554,370412.437554,2198740995.23,3540366686.02344,469863.239032228
51,51,109,Tuolumne,236,East Sonora/Mi-Wuk Village/Soulsbyville/Tuolumne City/Twain Harte,Tuolumne County,7067154992,Rural,Mental Health,Hpsa Geographic High Needs,Designated,1492387200000,1492387200000,1.38,15,14.6,0,0,36749:1,36749,24422,24644,24422,2757,6851,11.28900172,28.05257555,4, ,, ,,2036846237.63,303818.138392,303818.138392,2036846237.63,3295921705.23047,386335.67489394
52,52,019,Fresno,27,Coalinga,"MSSA 25, 26, 27, 28/Western Fresno",7066256407,Rural,Mental Health,Hpsa Geographic High Needs,Designated,718243200000,1494892800000,0,19,36.7,0,0, ,0,16414,21773,16414,4265,7946,25.98391617,48.40989399,4, ,, ,,1849045792.5,218933.168252,218933.168252,1849045792.5,2845241298.17188,271613.621571329
53,53,019,Fresno,28,Huron,"MSSA 25, 26, 27, 28/Western Fresno",7066256407,Rural,Mental Health,Hpsa Geographic High Needs,Designated,718243200000,1494892800000,0,19,36.7,0,0, ,0,8057,8107,8057,3237,6953,40.17624426,86.29762939,2, ,, ,,816989116.924,122437.362473,122437.362473,816989116.924,1258929375.98828,152022.718500833
54,54,019,Fresno,29,Biola/Herndon/Highway City/Kerman,MSSA 29-Kerman,7069338165,Rural,Mental Health,Hpsa Geographic High Needs,Designated,1503532800000,1503532800000,0,17,22.3,2.62,0, ,0,37443,37662,37443,8000,16849,21.36580936,44.99906525,6, ,, ,,621942367.665,156628.45057,156628.45057,621942367.665,970031480.308594,195632.858511123
55,55,025,Imperial,48,El Centro/Heber/Holtville/Imperial/Seeley,Imperial County,7068464628,Rural,Mental Health,Hpsa Geographic High Needs,Designated,524793600000,1509148800000,7.25,12,23.4,3.84,0,22953:1,22953,80774,82390,80774,16523,36533,20.45583975,45.22866269,14, ,, ,,860397190.948,133729.621748,133729.621748,860397190.948,1221507930.10938,159148.907127994
56,56,025,Imperial,49,Calexico/Ocotillo,Imperial County,7068464628,Rural,Mental Health,Hpsa Geographic High Needs,Designated,524793600000,1509148800000,7.25,12,23.4,3.84,0,22953:1,22953,40183,44657,40183,10167,24351,25.30174452,60.60025384,6, ,, ,,2610458436.79,325748.59648,325748.59648,2610458436.79,3714213385.60547,388472.911234089
57,57,025,Imperial,50,Brawley/Westmorland,Imperial County,7068464628,Rural,Mental Health,Hpsa Geographic High Needs,Designated,524793600000,1509148800000,7.25,12,23.4,3.84,0,22953:1,22953,27797,28110,27797,6734,14144,24.22563586,50.88318883,6, ,, ,,715698605.752,152026.085269,152026.085269,715698605.753,1020534617.06641,181422.376584452
58,58,029,Kern,57.1,Fort Tejon/Frazier Park/Lebec/Pine Mountain,"MSSAs 57.1,/57.2/and 59-Taft/Frazier Park/Buttonwi",7068602300,Rural,Mental Health,Hpsa Geographic High Needs,Designated,1326931200000,1500422400000,0,20,21.6,2.07,0, ,0,7877,7877,7877,723,2653,9.1786213,33.68033515,2, ,, ,,1112445834.61,168707.521541,168707.521541,1112445834.61,1659041447.73438,205922.339998902
59,59,029,Kern,57.2,Blackwell’s Corners/Ford City/Maricopa/McKittrick/Taft,"MSSAs 57.1,/57.2/and 59-Taft/Frazier Park/Buttonwi",7068602300,Rural,Mental Health,Hpsa Geographic High Needs,Designated,1326931200000,1500422400000,0,20,21.6,2.07,0, ,0,19200,21785,19200,4011,9423,20.890625,49.078125,5, ,, ,,1867736417.2,287628.419818,287628.419818,1867736417.2,2806201139.34375,352376.285586873
60,60,029,Kern,58.2,Lost Hills/Wasco,"MSSAs 58.1. 58.2, 60 Shafter/Lost Hills/Wasco",7063505262,Rural,Mental Health,Hpsa Geographic High Needs,Designated,1323993600000,1497484800000,1.95,20,29.7,4.94,0,53036:1,53036,23665,29728,23665,7594,15341,32.08958377,64.82569195,5, ,, ,,2449274455.16,242874.342107,242874.342107,2449274455.16,3716859573.61328,299043.09419231
61,61,029,Kern,59,Buttonwillow,"MSSAs 57.1,/57.2/and 59-Taft/Frazier Park/Buttonwi",7068602300,Rural,Mental Health,Hpsa Geographic High Needs,Designated,1326931200000,1500422400000,0,20,21.6,2.07,0, ,0,3916,3921,3916,905,1464,23.11031665,37.38508682,1, ,, ,,483630098.234,110471.277416,110471.277416,483630098.234,729431776.53125,135649.373831747
62,62,029,Kern,60,Delano/McFarland,"MSSAs 58.1. 58.2, 60 Shafter/Lost Hills/Wasco",7063505262,Urban,Mental Health,Hpsa Geographic High Needs,Designated,1323993600000,1497484800000,1.95,20,29.7,4.94,0,53036:1,53036,58513,69057,58513,18001,39575,30.7641037,67.63454275,10, ,, ,,583525597.987,106304.189964,106304.189964,583525597.987,886369265.917969,131008.523560059
63,63,009,Calaveras,12,Angels Camp/Arnold/Copperopolis/Mountain Ranch/Murphys/San Andreas/Valley Springs/West Point,Calaveras County,7068979713,Rural,Mental Health,Hpsa Geographic,Designated,878860800000,1509148800000,1,10,12.1,1.21,0,44223:1,44223,44423,45147,44423,4849,11429,10.91551674,25.7276636,10, ,, ,,2685629889.26,288222.031665,288222.031665,2685629889.26,4356217878.03516,367154.546062967
64,64,077,San Joaquin,163,Tracy,Low Income/Migrant Farmworker-San Joaquin County,7064933508,Urban,Mental Health,Hpsa Population,Designated,1464307200000,1509148800000,3.57,17,19.3,15.73,0,81101:1,81101,101983,102787,101983,7842,26713,7.68951688,26.19358128,14, ,, ,,223185876.72,80453.7569683,80453.7569683,223185876.72,357658966.855469,101860.053555957
65,65,077,San Joaquin,164.1,Lathrop/Manteca,Low Income/Migrant Farmworker-San Joaquin County,7064933508,Urban,Mental Health,Hpsa Population,Designated,1464307200000,1509148800000,3.57,17,19.3,15.73,0,81101:1,81101,76967,77713,76967,8962,27783,11.6439513,36.09728845,17, ,, ,,93239632.2056,52884.2742287,52884.2742287,93239632.2056,149662666.152344,66998.0848687363
66,66,077,San Joaquin,164.2,Banta/Escalon/Ripon/Vernalis,Low Income/Migrant Farmworker-San Joaquin County,7064933508,Rural,Mental Health,Hpsa Population,Designated,1464307200000,1509148800000,3.57,17,19.3,15.73,0,81101:1,81101,49860,54613,49860,4719,13518,9.4645006,27.11191336,10, ,, ,,1003992686.99,218122.741309,218122.741309,1003992686.99,1607358875.16406,275995.998767802
67,67,077,San Joaquin,165,Farmington/Linden,Low Income/Migrant Farmworker-San Joaquin County,7064933508,Rural,Mental Health,Hpsa Population,Designated,1464307200000,1509148800000,3.57,17,19.3,15.73,0,81101:1,81101,5280,5280,5280,691,1889,13.08712121,35.77651515,1, ,, ,,364592526.329,85867.2488377,85867.2488377,364592526.329,587724816.828125,109042.736224423
68,68,077,San Joaquin,166,Lodi,Low Income/Migrant Farmworker-San Joaquin County,7064933508,Urban,Mental Health,Hpsa Population,Designated,1464307200000,1509148800000,3.57,17,19.3,15.73,0,81101:1,81101,66070,66629,66070,12258,28460,18.5530498,43.07552596,15, ,, ,,88996228.8128,50545.3255339,50545.3255339,88996228.8128,143918717.386719,64287.718126835
69,69,077,San Joaquin,167,Lockeford/North Woodbridge,Low Income/Migrant Farmworker-San Joaquin County,7064933508,Rural,Mental Health,Hpsa Population,Designated,1464307200000,1509148800000,3.57,17,19.3,15.73,0,81101:1,81101,37764,37928,37764,5334,13967,14.12456308,36.98495922,5, ,, ,,663738022.876,168690.802283,168690.802283,663738022.876,1075365138.875,214680.930266835
70,70,101,Sutter,216,Meridian/Robbins/Yuba City,Mental Health-Sutter County,7068273317,Rural,Mental Health,Hpsa Geographic High Needs,Designated,1463616000000,1509148800000,2.6,15,16.8,3.66,0,36122:1,36122,80984,81903,80984,13624,34043,16.82307616,42.03669861,18, ,, ,,1103019278.95,208154.019572,208154.019572,1103019278.95,1832147730.41406,268173.672899734
71,71,101,Sutter,217,Nicolaus/Pleasant Grove,Mental Health-Sutter County,7068273317,Rural,Mental Health,Hpsa Geographic High Needs,Designated,1463616000000,1509148800000,2.6,15,16.8,3.66,0,36122:1,36122,2413,2413,2413,198,698,8.20555325,28.92664733,1, ,, ,,344173577.282,90295.1583472,90295.1583472,344173577.282,568458453.707031,116075.695666147
72,72,101,Sutter,218,Live Oak,Mental Health-Sutter County,7068273317,Rural,Mental Health,Hpsa Geographic High Needs,Designated,1463616000000,1509148800000,2.6,15,16.8,3.66,0,36122:1,36122,10162,10471,10162,1774,5600,17.45719347,55.10726235,2, ,, ,,128789810.623,63983.1164683,63983.1164683,128789810.623,215067397.417969,82665.1423481916
73,73,103,Tehama,219,Paskenta/Rancho Tehama,Tehama County,7062259318,Frontier,Mental Health,Hpsa Geographic High Needs,Designated,621043200000,1509148800000,0,18,18.6,4.15,0, ,0,4865,5043,4865,1574,2738,32.35354573,56.27954779,1, ,, ,,3334624131.6,325179.130912,325179.130912,3334624131.6,5699599236,425348.886364956
74,74,103,Tehama,220,Dairyville/Manton/Mineral/Paynes Creek,Tehama County,7062259318,Frontier,Mental Health,Hpsa Geographic High Needs,Designated,621043200000,1509148800000,0,18,18.6,4.15,0, ,0,4032,4137,4032,607,1533,15.05456349,38.02083333,1, ,, ,,3001273454.89,297870.019444,297870.019444,3001273454.89,5152597820.32813,390252.078710816
75,75,103,Tehama,221,Gerber/Los Flores/Proberta/Red Bluff,Tehama County,7062259318,Rural,Mental Health,Hpsa Geographic High Needs,Designated,621043200000,1509148800000,0,18,18.6,4.15,0, ,0,35501,35987,35501,6361,14816,17.91780513,41.73403566,6, ,, ,,706952237.051,188784.696736,188784.696736,706952237.052,1214264088.53516,247307.918953432
76,76,071,San Bernardino,144.2,Joshua Tree/Landers/Morongo Valley/Rimrock/Yucca Valley,MSSA 144.2/Yucca Valley/Joshua Tree,7067350427,Rural,Mental Health,Hpsa Geographic High Needs,Designated,1216857600000,1493596800000,0,18,20.7,0,0, ,0,41106,41609,41106,8786,20303,21.37400866,49.39181628,9, ,, ,,2383711983.84,261937.494709,261937.494709,2383711983.84,3503822938.86719,317566.822810288
77,77,071,San Bernardino,144.3,Cadiz/Twentynine Palms,Low Income-MSSAs 143 and 144.3-Needles/Twentynine PA,7068188657,Rural,Mental Health,Hpsa Population,Designated,1352937600000,1509148800000,0,17,21.2,0.86,0, ,0,19202,19309,19202,3872,9022,20.16456619,46.98468909,5, ,, ,,4130331162.14,449926.868925,449926.868925,4130331162.14,6055783161.64844,544232.588215311
78,78,071,San Bernardino,145.1a,Hesperia West/Mountain View Acres/Victorville Central and South,MSSAs 145.1A and 145.1B/Hesperia West/Hesperia East,7065163918,Urban,Mental Health,Hpsa Geographic High Needs,Designated,1493164800000,1493164800000,4.5,16,22.5,0,0,65719:1,65719,176886,178389,176886,43702,84626,24.70630802,47.842113,25, ,, ,,452791172.674,104593.643968,104593.643968,452791172.674,667394375.355469,126979.895519359
79,79,071,San Bernardino,145.1b,Apple Valley/Hesperia East,MSSAs 145.1A and 145.1B/Hesperia West/Hesperia East,7065163918,Urban,Mental Health,Hpsa Geographic High Needs,Designated,1493164800000,1493164800000,4.5,16,22.5,0,0,65719:1,65719,114259,115661,114259,22921,48653,20.06056416,42.58132839,18, ,, ,,379671336.633,126615.861694,126615.861694,379671336.633,560021299.4375,153788.353827198
80,80,071,San Bernardino,145.2,Adelanto/Phelan/Pinon Hills/Victorville Northwest,MSSA 145.2/Adelanto,7066421770,Rural,Mental Health,Hpsa Geographic,Designated,1353369600000,1509148800000,0,19,30.8,2.7,0, ,0,53352,59873,53352,14607,28599,27.37854251,53.60436347,7, ,, ,,804576141.761,144054.469596,144054.469596,804576141.761,1190279642.96875,175194.07723781
81,81,071,San Bernardino,145.3,Lucerne Valley,MSSA 145.3/Lucerne Valley,7068705665,Rural,Mental Health,Hpsa Geographic,Designated,1356566400000,1509148800000,0,12,24.1,0.24,0, ,0,4284,4284,4284,1011,1575,23.59943978,36.76470588,1, ,, ,,217810924.781,71248.7379761,71248.7379761,217810924.781,320758164.816406,86409.6774602385
82,82,071,San Bernardino,146,Big Bear Lake/Fawnskin/Moorridge/Running Springs/Sugarloaf,MSSA 146/Big Bear Lake,7061496655,Rural,Mental Health,Hpsa Geographic High Needs,Designated,1493683200000,1493683200000,0,17,16.7,1.69,0, ,0,25338,25517,25338,4219,9594,16.6508801,37.86407767,11, ,, ,,1402782820,200800.416273,200800.416273,1402782820,2056041802.23828,243026.148383505
83,83,071,San Bernardino,147,Blue Jay/Crestline/Lake Arrowhead/Skyforest/Twin Peaks,MSSA 147/Crestline/Blue Jay,7068600955,Rural,Mental Health,Hpsa Geographic,Designated,1354147200000,1492992000000,0,15,16.4,0,0, ,0,21494,21668,21494,3562,8025,16.57206662,37.33600074,7, ,, ,,421245636.077,121848.095806,121848.095806,421245636.077,618207676.988281,147589.687921543
84,84,073,San Diego,159,Buckman Springs/Canyon City/Jacumba/Morena Village/Tecate,MSSA 159/Buckman Springs,7065445759,Rural,Mental Health,Hpsa Geographic,Designated,1204156800000,1509148800000,0,10,15.4,0.34,0, ,0,6439,6794,6439,1829,3001,28.40503184,46.60661593,1, ,, ,,1171072995.86,198960.866324,198960.866324,1171072995.86,1658544506.97656,236531.205296321
85,85,011,Colusa,16.1,Williams,Colusa County,7062564878,Rural,Mental Health,Hpsa Geographic High Needs,Designated,1182729600000,1511913600000,0.63,14,14.4,0.78,0,33624:1,33624,5921,6046,5921,718,2274,12.12633001,38.40567472,1, ,, ,,952931231.142,163055.294829,163055.294829,952931231.142,1584787568.58594,210302.802268207
86,86,011,Colusa,16.2,Loduga/Maxwell/Princeton/Stonyford,Colusa County,7062564878,Frontier,Mental Health,Hpsa Geographic High Needs,Designated,1182729600000,1511913600000,0.63,14,14.4,0.78,0,33624:1,33624,2213,2265,2213,259,880,11.70356981,39.76502485,1, ,, ,,1083299891.41,219121.588475,219121.588475,1083299891.41,1811912805.10547,283278.886701393
87,87,011,Colusa,16.3,Arbuckle/Grimes,Colusa County,7062564878,Rural,Mental Health,Hpsa Geographic High Needs,Designated,1182729600000,1511913600000,0.63,14,14.4,0.78,0,33624:1,33624,5356,5365,5356,855,2518,15.96340553,47.01269604,1, ,, ,,567382841.007,132260.954918,132260.954918,567382841.007,940814769.363281,170304.778610309
88,88,073,San Diego,161c,Downtown/Golden Hill/Logan Heights,Low Income - MSSA 161C (Golden Hill/Logan Heights),7068047711,Urban,Mental Health,Hpsa Population,Designated,1314144000000,1509148800000,2.35,6,34.7,0.92,0,20876:1,20876,80856,91031,80856,27717,48058,34.27945978,59.43652914,21, ,, ,,24061551.4694,31085.5432196,31085.5432196,24061551.4691,34081523.421875,36977.4447202719
89,89,077,San Joaquin,168,South Woodbridge/Thornton,Low Income/Migrant Farmworker-San Joaquin County,7064933508,Rural,Mental Health,Hpsa Population,Designated,1464307200000,1509148800000,3.57,17,19.3,15.73,0,81101:1,81101,24901,25091,24901,3774,6784,15.15601783,27.24388579,6, ,, ,,941414745.72,208616.16379,208616.16379,941414745.72,1519159496.00781,264964.534031421
90,90,077,San Joaquin,169a,Stockton North Central/Stockton Northeast,Low Income/Migrant Farmworker-San Joaquin County,7064933508,Urban,Mental Health,Hpsa Population,Designated,1464307200000,1509148800000,3.57,17,19.3,15.73,0,81101:1,81101,96332,98360,96332,26857,51919,27.87962463,53.89590167,20, ,, ,,35940521.9544,41209.6117853,41209.6117853,35940521.9544,57990649.2265625,52349.5627842396
91,91,077,San Joaquin,169b,French Camp/Stockton South/Stockton Southeast,Low Income/Migrant Farmworker-San Joaquin County,7064933508,Urban,Mental Health,Hpsa Population,Designated,1464307200000,1509148800000,3.57,17,19.3,15.73,0,81101:1,81101,136893,139839,136893,40171,80875,29.34481675,59.0789887,31, ,, ,,230941044.913,85600.5077145,85600.5077145,230941044.913,372008303.542969,108647.66838191
92,92,077,San Joaquin,169c,Stockton Northwest/Stockton West,Low Income/Migrant Farmworker-San Joaquin County,7064933508,Urban,Mental Health,Hpsa Population,Designated,1464307200000,1509148800000,3.57,17,19.3,15.73,0,81101:1,81101,82164,84937,82164,12507,28102,15.22199503,34.20232705,20, ,, ,,48567013.6708,43829.2150313,43829.2150313,48567013.6708,78349806.5429688,55667.6595300033
93,93,013,Contra Costa,17,Brentwood East/Byron/Discovery Bay/Knightsen,MSSA 17/Brentwood East,70699906ZS,Urban,Mental Health,Hpsa Geographic High Needs,Designated,1292976000000,1509062400000,0,16,0,2.41,0, ,0,55549,55780,55549,4657,13486,8.38358926,24.27766476,10, ,, ,,371628143.266,157455.864913,157455.864913,371628143.266,598583248.992188,199801.348998983
94,94,079,San Luis Obispo,171,Arroyo Grande/Nipomo/Oceano/Pismo Beach,Low Income-MSSAs 171 and 172/Arroyo Grande//San Luis,7069300805,Rural,Mental Health,Hpsa Population,Designated,1376265600000,1509148800000,1.82,11,18,1.4,0,26568:1,26568,82447,82984,82447,8332,24661,10.10588621,29.91133698,13, ,, ,,1377101888.17,306675.252731,306675.252731,1377101888.17,2063005719.38672,375435.300994606
95,95,079,San Luis Obispo,172,San Luis Obispo,Low Income-MSSAs 171 and 172/Arroyo Grande//San Luis,7069300805,Rural,Mental Health,Hpsa Population,Designated,1376265600000,1509148800000,1.82,11,18,1.4,0,26568:1,26568,52521,65631,52521,15231,23097,28.99982864,43.97669504,14, ,, ,,3260073288.41,460638.810862,460638.810862,3260073288.41,4898013369.83203,564661.04702656
96,96,083,Santa Barbara,178.1,Buellton/Los Olivos/Santa Ynez/Solvang,MSSAs 178.1/178.2/179/180.2/Buellton/Solvang/Lompoc/Guada,7067822226,Rural,Mental Health,Hpsa Geographic High Needs,Designated,1493164800000,1493164800000,0.25,19,16,0,0,345236:1,345236,16938,17121,16938,1439,3060,8.49569016,18.06588735,5, ,, ,,1368195086.45,479821.257741,479821.257741,1368195086.45,2013409349.34375,581068.296980386
97,97,083,Santa Barbara,178.2,Los Alamos,MSSAs 178.1/178.2/179/180.2/Buellton/Solvang/Lompoc/Guada,7067822226,Rural,Mental Health,Hpsa Geographic High Needs,Designated,1493164800000,1493164800000,0.25,19,16,0,0,345236:1,345236,7337,7429,7337,749,2243,10.2085321,30.5710781,1, ,, ,,420821932.284,121559.83332,121559.83332,420821932.284,624647639.320313,148140.532269582
98,98,083,Santa Barbara,179,Lompoc/Mission Hills/Vandenberg,MSSAs 178.1/178.2/179/180.2/Buellton/Solvang/Lompoc/Guada,7067822226,Rural,Mental Health,Hpsa Geographic High Needs,Designated,1493164800000,1493164800000,0.25,19,16,0,0,345236:1,345236,54662,58431,54662,10500,21511,19.20895686,39.35274962,13, ,, ,,1193877269.96,199549.363122,199549.363122,1193877269.96,1767896742.10156,242903.529264326
99,99,083,Santa Barbara,180.1,Orcutt/Santa Maria,Low Income/Migrant Farmworker - MSSA 180.1 Santa Maria,7062407340,Urban,Mental Health,Hpsa Population,Designated,1449187200000,1509148800000,1.16,17,17.6,2.91,0,52591:1,52591,132583,134035,132583,22841,60696,17.22769888,45.77962484,24, ,, ,,554002832.922,155359.960163,155359.960163,554002832.922,825244094.277344,189652.010578513
100,100,083,Santa Barbara,180.2,Guadalupe,MSSAs 178.1/178.2/179/180.2/Buellton/Solvang/Lompoc/Guada,7067822226,Rural,Mental Health,Hpsa Geographic High Needs,Designated,1493164800000,1493164800000,0.25,19,16,0,0,345236:1,345236,7265,7285,7265,1471,3687,20.24776325,50.75017206,1, ,, ,,165990713.902,69180.2632485,69180.2632485,165990713.902,247468932.917969,84485.8923842239
101,101,013,Contra Costa,18d,Antioch North and West/Nichols/Pittsburg Central and East/West Pittsburg,MSSA 18D/Antioch North and West,7062709674,Urban,Mental Health,Hpsa Geographic High Needs,Designated,1213747200000,1513036800000,4,11,23.7,2.59,0,24700:1,24700,98240,98980,98240,23074,48354,23.48737785,49.22027687,20, ,, ,,79148468.2462,56734.516769,56734.516769,79148468.2462,127760658.175781,72067.9030585484
102,102,013,Contra Costa,18f,Richmond Central/San Pablo Central,MSSA 18F/Richmond Central,7067471387,Urban,Mental Health,Hpsa Geographic High Needs,Designated,1199318400000,1509062400000,4.13,8,20.9,2.49,0,24036:1,24036,98837,99778,98837,22261,48247,22.52294181,48.81471514,18, ,, ,,47740529.8946,59550.5636501,59550.5636501,47740529.8946,76881120.7929688,75569.9156054972
103,103,015,Del Norte,19,Crescent City/Gasquet/Klamath/Smith River,Del Norte County,7062256292,Rural,Mental Health,Hpsa Geographic High Needs,Designated,651196800000,1486598400000,0,20,22.4,0,0, ,0,24749,28357,24749,5406,10835,21.8433068,43.77954665,7, ,, ,,2624971869.43,291635.505928,291635.505928,2624971869.43,4718768441.98047,390825.453767494
104,104,089,Shasta,190,Burney/Cassel/Fall River Mills/Hat Creek/McArthur,Shasta County,7061865217,Frontier,Mental Health,Hpsa Geographic High Needs,Designated,1474502400000,1474502400000,5.78,15,17.9,5.94,0,30421:1,30421,7179,7261,7179,1107,3116,15.41997493,43.40437387,2, ,, ,,2319980672.55,257565.810783,257565.810783,2319980672.55,4065164709.75,341062.371511313
105,105,097,Sonoma,210.1,Santa Rosa,Low Income-MSSA 210.1-Santa Rosa,7061623026,Urban,Mental Health,Hpsa Population,Designated,1476144000000,1509148800000,1.49,11,12.9,2.58,0,40959:1,40959,189112,192401,189112,24896,58575,13.16468548,30.9737087,36, ,, ,,451995524.85,137348.84799,137348.84799,451995524.85,738507107.320313,175537.192640029
106,106,099,Stanislaus,211,Oakdale/Riverbank,Low Income - Stanislaus County,7069841393,Rural,Mental Health,Hpsa Population,Designated,1379289600000,1509148800000,7.23,14,20.2,7.99,0,31584:1,31584,56006,56424,56006,8479,18294,15.13944934,32.66435739,10, ,, ,,733051010.847,149632.296924,149632.296924,733051010.847,1177107258.61328,189622.094465385
107,107,099,Stanislaus,212.1,Denair/Turlock,Low Income - Stanislaus County,7069841393,Urban,Mental Health,Hpsa Population,Designated,1379289600000,1509148800000,7.23,14,20.2,7.99,0,31584:1,31584,73567,74359,73567,12926,28372,17.57037802,38.56620496,13, ,, ,,128495762.073,61097.8480891,61097.8480891,128495762.073,204613910.816406,77080.6633123675
108,108,099,Stanislaus,212.2,Keyes,Low Income - Stanislaus County,7069841393,Rural,Mental Health,Hpsa Population,Designated,1379289600000,1509148800000,7.23,14,20.2,7.99,0,31584:1,31584,16674,16904,16674,4712,9190,28.25956579,55.11574907,3, ,, ,,199665941.572,77677.4623572,77677.4623572,199665941.572,317725536.546875,97986.7303155142
109,109,099,Stanislaus,212.3,Salida,Low Income - Stanislaus County,7069841393,Rural,Mental Health,Hpsa Population,Designated,1379289600000,1509148800000,7.23,14,20.2,7.99,0,31584:1,31584,26134,26677,26134,4591,11322,17.5671539,43.32287442,5, ,, ,,341118026.748,127758.860516,127758.860516,341118026.748,544361599.335938,161419.359670317
110,110,099,Stanislaus,213,Crows Landing/Empire/Grayson/Newman/Patterson/Westley,Low Income - Stanislaus County,7069841393,Rural,Mental Health,Hpsa Population,Designated,1379289600000,1509148800000,7.23,14,20.2,7.99,0,31584:1,31584,39055,39315,39055,7540,17133,19.30610677,43.86890283,5, ,, ,,1590007913.34,206585.547234,206585.547234,1590007913.34,2522918628.8125,260238.030234897
111,111,099,Stanislaus,214,Hughson,Low Income - Stanislaus County,7069841393,Rural,Mental Health,Hpsa Population,Designated,1379289600000,1509148800000,7.23,14,20.2,7.99,0,31584:1,31584,46593,46810,46593,9054,21313,19.43210353,45.74292276,8, ,, ,,763717338.24,136334.198634,136334.198634,763717338.24,1220035374.5625,172283.423479837
112,112,099,Stanislaus,215a,Modesto West,Low Income - Stanislaus County,7069841393,Urban,Mental Health,Hpsa Population,Designated,1379289600000,1509148800000,7.23,14,20.2,7.99,0,31584:1,31584,79344,80284,79344,14851,30518,18.7172313,38.46289575,15, ,, ,,81350915.3142,60258.6201774,60258.6201774,81350915.3142,130172054.769531,76235.011995045
113,113,099,Stanislaus,215b,Modesto East,Low Income - Stanislaus County,7069841393,Urban,Mental Health,Hpsa Population,Designated,1379289600000,1509148800000,7.23,14,20.2,7.99,0,31584:1,31584,87562,88549,87562,14092,32807,16.09373929,37.46716612,16, ,, ,,40130652.0861,34631.6205388,34631.6205388,40130652.0861,64165920.1289063,43790.0518258222
114,114,099,Stanislaus,215c,Ceres/Modesto South Central,Low Income - Stanislaus County,7069841393,Urban,Mental Health,Hpsa Population,Designated,1379289600000,1509148800000,7.23,14,20.2,7.99,0,31584:1,31584,87271,88999,87271,27928,55440,32.0014667,63.52625729,19, ,, ,,45276757.3572,33409.7903274,33409.7903274,45276757.3572,72281989.8398438,42210.5270702961
115,115,103,Tehama,222,Corning/Los Molinos/Tehama/Vina,Tehama County,7062259318,Rural,Mental Health,Hpsa Geographic High Needs,Designated,621043200000,1509148800000,0,18,18.6,4.15,0, ,0,18014,18074,18014,3729,8797,20.70056623,48.83424004,3, ,, ,,629147231.971,123136.240049,123136.240049,629147231.971,1070916013.33984,160640.412566811
116,116,105,Trinity,223,Junction City/Salyer,Trinity County,7068827651,Frontier,Mental Health,Hpsa Geographic High Needs,Designated,371865600000,1509148800000,0,17,18.7,0.89,0, ,0,2399,2436,2399,301,1000,12.54689454,41.68403501,1, ,, ,,1941778001.86,292628.785324,292628.785324,1941778001.86,3400590576.48047,387179.425019293
117,117,105,Trinity,224,Douglas City/Lewiston/Trinity Center/Weaverville,Trinity County,7068827651,Frontier,Mental Health,Hpsa Geographic High Needs,Designated,371865600000,1509148800000,0,17,18.7,0.89,0, ,0,7032,7234,7032,1331,2702,18.92775882,38.42434585,2, ,, ,,2654519136.49,357718.895546,357718.895546,2654519136.49,4654128415.54688,473649.376253838
118,118,105,Trinity,225,Forest Glen/Hayfork/Hyampom/Peanut,Trinity County,7068827651,Frontier,Mental Health,Hpsa Geographic High Needs,Designated,371865600000,1509148800000,0,17,18.7,0.89,0, ,0,3282,3283,3282,825,1650,25.13711152,50.27422303,1, ,, ,,1554365333.95,220647.530224,220647.530224,1554365333.95,2693979061.70313,290578.397517072
119,119,105,Trinity,226,Kettenpom/Mad River/Ruth/Xenia,Trinity County,7068827651,Frontier,Mental Health,Hpsa Geographic High Needs,Designated,371865600000,1509148800000,0,17,18.7,0.89,0, ,0,685,685,685,122,321,17.81021898,46.86131387,1, ,, ,,2157011660.86,240092.229217,240092.229217,2157011660.86,3699676055.69922,314741.356029906
120,120,111,Ventura,237,Fillmore/Los Padres National Forest/Piru/Santa Paula/Saticoy,MSSA 237-Santa Paula,7065545521,Rural,Mental Health,Hpsa Geographic,Designated,1445385600000,1509148800000,1.4,14,19.2,1.94,0,47782:1,47782,66590,67874,66590,11509,27208,17.28337588,40.85898784,14, ,, ,,2935056245.16,330563.089297,330563.089297,2935056245.16,4341500856.23047,401892.901404032
121,121,017,El Dorado,24,South Lake Tahoe,MSSA 24-South Lake Tahoe,7061077854,Rural,Mental Health,Hpsa Geographic High Needs,Designated,1491177600000,1491177600000,0.85,14,15.4,0,0,34029:1,34029,28993,29256,28993,4477,11144,15.44165833,38.43686407,10, ,, ,,437805102.489,127397.729919,127397.729919,437805102.489,723768707.878906,163840.706064043
122,122,113,Yolo,242,Winters,Low Income/Migrant Farmworkers - Yolo County,7069990650,Rural,Mental Health,Hpsa Population,Designated,1015459200000,1501804800000,1.4,11,24.6,2.2,0,51384:1,51384,8597,8599,8597,1032,2781,12.00418751,32.34849366,1, ,, ,,290598624.043,90141.6818673,90141.6818673,290598624.043,476168697.167969,115387.241224315
123,123,113,Yolo,243,Esparto/Rumsey,Low Income/Migrant Farmworkers - Yolo County,7069990650,Rural,Mental Health,Hpsa Population,Designated,1015459200000,1501804800000,1.4,11,24.6,2.2,0,51384:1,51384,4938,4975,4938,527,2061,10.67233698,41.73754557,1, ,, ,,835403426.483,163295.341172,163295.341172,835403426.483,1376926180.47266,209601.247473817
124,124,113,Yolo,244,Davis,Low Income/Migrant Farmworker-Yolo County,7068242214,Urban,Mental Health,Hpsa Population,Designated,1501804800000,1501804800000,0.4,19,20,5.19,0,209755:1,209755,65819,72439,65819,17573,27548,26.6989775,41.85417585,16, ,, ,,179395648.817,65185.8024671,65185.8024671,179395648.817,294008104.070313,83444.9228487675
125,125,113,Yolo,245,Bryte/Broderick/Clarksburg/Riverview/West Sacramento,Low Income/Migrant Farmworker-Yolo County,7068242214,Urban,Mental Health,Hpsa Population,Designated,1501804800000,1501804800000,0.4,19,20,5.19,0,209755:1,209755,53494,53907,53494,10310,21149,19.27318952,39.53527498,10, ,, ,,481811402.573,156744.897568,156744.897568,481811402.573,787435194.230469,200606.374117467
126,126,113,Yolo,246.1,Woodland,Low Income/Migrant Farmworker-Yolo County,7068242214,Urban,Mental Health,Hpsa Population,Designated,1501804800000,1501804800000,0.4,19,20,5.19,0,209755:1,209755,57801,58715,57801,7188,20817,12.43577101,36.01494784,12, ,, ,,292517542.163,109156.241267,109156.241267,292517542.163,480536347.539063,139893.940963498
127,127,113,Yolo,246.2,Knights Landing,Low Income/Migrant Farmworker-Yolo County,7068242214,Rural,Mental Health,Hpsa Population,Designated,1501804800000,1501804800000,0.4,19,20,5.19,0,209755:1,209755,3653,3653,3653,558,1287,15.27511634,35.23131673,1, ,, ,,571218870.516,144892.720972,144892.720972,571218870.516,942226718.449219,186061.845433525
128,128,115,Yuba,247,Browns Valley/Brownsville/Dobbins/Oregon House,Yuba County,7066592972,Rural,Mental Health,Hpsa Geographic High Needs,Designated,1385078400000,1509148800000,0.3,16,22.1,4.49,0,239340:1,239340,4349,4396,4349,944,1602,21.70613934,36.83605427,1, ,, ,,576396907.552,144356.219104,144356.219104,576396907.552,967930395.128906,187120.577566282
129,129,115,Yuba,248,Wheatland,Yuba County,7066592972,Rural,Mental Health,Hpsa Geographic High Needs,Designated,1385078400000,1509148800000,0.3,16,22.1,4.49,0,239340:1,239340,4152,4155,4152,702,1335,16.90751445,32.15317919,1, ,, ,,109018035.147,52122.8856257,52122.8856257,109018035.147,180959512.957031,67140.721496461
130,130,115,Yuba,249,Marysville,Yuba County,7066592972,Rural,Mental Health,Hpsa Geographic High Needs,Designated,1385078400000,1509148800000,0.3,16,22.1,4.49,0,239340:1,239340,62770,64023,62770,13746,30370,21.89899634,48.3829855,12, ,, ,,982037907.315,199070.457202,199070.457202,982037907.315,1636960330.39453,256997.759104513
131,131,019,Fresno,25,Firebaugh/Mendota,"MSSA 25, 26, 27, 28/Western Fresno",7066256407,Rural,Mental Health,Hpsa Geographic High Needs,Designated,718243200000,1494892800000,0,19,36.7,0,0, ,0,21601,21774,21601,8665,16148,40.11388362,74.75579834,4, ,, ,,1955645675.84,225896.961348,225896.961348,1955645675.84,3048471646.32031,282083.783745109
132,132,019,Fresno,26,Cantua Creek/San Joaquin/Tranquility,"MSSA 25, 26, 27, 28/Western Fresno",7066256407,Rural,Mental Health,Hpsa Geographic High Needs,Designated,718243200000,1494892800000,0,19,36.7,0,0, ,0,6849,6849,6849,3170,5269,46.28412907,76.93093882,1, ,, ,,820863624.658,125916.001293,125916.001293,820863624.658,1274764763.47266,156912.443052581
133,133,001,Alameda,2h,Ashland/Brookfield Village/Castro Valley South/Elmhurst/Hayward Northeast/San Leandro North Central/San Lorenzo East,Low Income - MSSA 2H/Ashland,7069938859,Urban,Mental Health,Hpsa Population,Designated,1356566400000,1509148800000,0,10,18.1,3.02,0, ,0,109763,111086,109763,18830,42960,17.15514335,39.13887193,24, ,, ,,27673797.2594,39390.0227618,39390.0227618,27673797.2594,44281423.734375,49829.1864790347
134,134,021,Glenn,37,Artois/Elk Creek/Glenn/Grindstone Indian Rancheria/Willows,"MSSA 36.1,36.2,37-Glenn County",7066155508,Frontier,Mental Health,Hpsa Geographic,Designated,527212800000,1509148800000,0.4,19,19.9,0.98,0,69050:1,69050,10972,11317,10972,1484,4290,13.52533722,39.09952607,3, ,, ,,3121886309.1,298299.6389,298299.6389,3121886309.1,5262850309.43359,387151.512480495
135,135,023,Humboldt,38,Hoopa/Willow Creek,Low Income/H/Migrant Farmworker-Humboldt County,7061872852,Frontier,Mental Health,Hpsa Population,Designated,1475625600000,1475625600000,0.5,19,20.8,3.4,0,117014:1,117014,5560,5574,5560,1721,3114,30.95323741,56.00719424,2, ,, ,,2401798042.7,318996.436041,318996.436041,2401798042.7,4239220284.70703,423557.630335755
136,136,023,Humboldt,39,Arcata/Eureka,Low Income/H/Migrant Farmworker-Humboldt County,7061872852,Rural,Mental Health,Hpsa Population,Designated,1475625600000,1475625600000,0.5,19,20.8,3.4,0,117014:1,117014,69460,72646,69460,15690,30472,22.58854017,43.86985315,15, ,, ,,1144712677.92,301542.961447,301542.961447,1144712677.92,1994289251.27734,398156.951822844
137,137,023,Humboldt,40,Bluelake/McKinleyville/Orick/Trinidad,Low Income/H/Migrant Farmworker-Humboldt County,7061872852,Rural,Mental Health,Hpsa Population,Designated,1475625600000,1475625600000,0.5,19,20.8,3.4,0,117014:1,117014,23421,23527,23421,3292,7754,14.05576192,33.10704069,5, ,, ,,1360504028.73,260514.522583,260514.522583,1360504028.73,2394604893.9375,345856.698605367
138,138,023,Humboldt,42,Ferndale/Fortuna/Rio Dell/Scotia,Low Income/H/Migrant Farmworker-Humboldt County,7061872852,Rural,Mental Health,Hpsa Population,Designated,1475625600000,1475625600000,0.5,19,20.8,3.4,0,117014:1,117014,25142,25556,25142,3976,10097,15.81417548,40.15989181,6, ,, ,,2471195569.95,356051.471092,356051.471092,2471195569.95,4272660646.79688,468301.145830503
139,139,023,Humboldt,44,Garberville/Redway,Low Income/H/Migrant Farmworker-Humboldt County,7061872852,Frontier,Mental Health,Hpsa Population,Designated,1475625600000,1475625600000,0.5,19,20.8,3.4,0,117014:1,117014,7042,7310,7042,1921,3588,27.27918205,50.95143425,2, ,, ,,1904069151.54,214341.93836,214341.93836,1904069151.54,3266128546.88672,280792.903842843
140,140,025,Imperial,46,Bard/Winterhaven,Imperial County,7068464628,Rural,Mental Health,Hpsa Geographic High Needs,Designated,524793600000,1509148800000,7.25,12,23.4,3.84,0,22953:1,22953,2577,2594,2577,956,1717,37.09740008,66.62786185,1, ,, ,,116382008.318,77308.297166,77308.297166,116382008.319,165105645.992188,92050.6654777172
141,141,025,Imperial,47,Bombay Beach/Calipatria/Desert Shores/Niland/Salton City/Salton Sea Beach,Imperial County,7068464628,Frontier,Mental Health,Hpsa Geographic High Needs,Designated,524793600000,1509148800000,7.25,12,23.4,3.84,0,22953:1,22953,13242,17450,13242,3906,8324,29.49705483,62.86059508,4, ,, ,,7303766778.02,474572.1726,474572.1726,7303766778.02,10440626877.9688,566867.373890068
142,142,029,Kern,58.1,Shafter,"MSSAs 58.1. 58.2, 60 Shafter/Lost Hills/Wasco",7063505262,Rural,Mental Health,Hpsa Geographic High Needs,Designated,1323993600000,1497484800000,1.95,20,29.7,4.94,0,53036:1,53036,19525,22164,19525,4186,11251,21.43918054,57.62355954,5, ,, ,,419065311.262,97469.4426301,97469.4426301,419065311.262,633591116.894531,119787.709266858
143,143,029,Kern,61,Arvin/Lamont/Weed Patch,MSSA 61/Arvin,7061038571,Rural,Mental Health,Hpsa Geographic High Needs,Designated,1353974400000,1492992000000,0,19,30.9,0,0, ,0,43111,43265,43111,13291,29969,30.82971863,69.51590081,8, ,, ,,512437925.262,114663.455038,114663.455038,512437925.262,769080934.761719,140507.497160893
144,144,029,Kern,62,Bear Valley Springs/Keene/Stallion Springs/Tehachapi,"MSSAs 62,63,64-Tehachapi/Lake Isabella/Ridgecrest",7061534924,Rural,Mental Health,Hpsa Geographic High Needs,Designated,1352937600000,1494547200000,0,19,15.9,5.37,0, ,0,31616,36608,31616,4017,9589,12.70559211,30.32957996,7, ,, ,,3432245689.98,310557.973475,310557.973475,3432245689.97,5141636637.39453,380245.668534853
145,145,029,Kern,63,Alta Sierra/Bodfish/Glennville/Kernville/Lake Isabella/Weldon/Wofford Heights,"MSSAs 62,63,64-Tehachapi/Lake Isabella/Ridgecrest",7061534924,Frontier,Mental Health,Hpsa Geographic High Needs,Designated,1352937600000,1494547200000,0,19,15.9,5.37,0, ,0,14800,15099,14800,3570,6969,24.12162162,47.08783784,3, ,, ,,4361006353.57,401757.510007,401757.510007,4361006353.57,6609549750.23828,494234.955627355
146,146,029,Kern,64,Inyokern/Ridgecrest,"MSSAs 62,63,64-Tehachapi/Lake Isabella/Ridgecrest",7061534924,Rural,Mental Health,Hpsa Geographic High Needs,Designated,1352937600000,1494547200000,0,19,15.9,5.37,0, ,0,33838,34237,33838,4979,10617,14.71422661,31.37596785,6, ,, ,,1036646328.01,166472.437489,166472.437489,1036646328.01,1572038591.14844,204989.038032872
147,147,029,Kern,66a,Bakersfield Northeast/Oildale,"Low Income/Migrant Farmworker-MSSA 66A, B, C, D/Bakersfield",7067556693,Urban,Mental Health,Hpsa Population,Designated,1492041600000,1492041600000,5.18,19,22.8,0,0,50956:1,50956,104386,105545,104386,23540,47483,22.55091679,45.48790068,21, ,, ,,435376268.803,130934.533208,130934.533208,435376268.803,657423007.160156,160880.269039378
148,148,029,Kern,66b,Bakersfield East/Lakeview/La Loma,"Low Income/Migrant Farmworker-MSSA 66A, B, C, D/Bakersfield",7067556693,Urban,Mental Health,Hpsa Population,Designated,1492041600000,1492041600000,5.18,19,22.8,0,0,50956:1,50956,139226,140838,139226,54974,98128,39.48544094,70.4810883,24, ,, ,,99240480.8955,44887.2623208,44887.2623208,99240480.8955,149473280.824219,55090.4520896435
149,149,029,Kern,66c,Bakersfield Southwest,"Low Income/Migrant Farmworker-MSSA 66A, B, C, D/Bakersfield",7067556693,Urban,Mental Health,Hpsa Population,Designated,1492041600000,1492041600000,5.18,19,22.8,0,0,50956:1,50956,156849,157777,156849,28539,64224,18.19520686,40.94638793,22, ,, ,,504580703.124,116453.532228,116453.532228,504580703.124,758110906.511719,142765.354527326
150,150,029,Kern,66d,Bakersfield Northwest/Rosedale,"Low Income/Migrant Farmworker-MSSA 66A, B, C, D/Bakersfield",7067556693,Urban,Mental Health,Hpsa Population,Designated,1492041600000,1492041600000,5.18,19,22.8,0,0,50956:1,50956,115704,116477,115704,8926,22298,7.71451289,19.27158957,23, ,, ,,193947834.143,66491.9468917,66491.9468917,193947834.143,292495872.039063,81627.0382683807
151,151,031,Kings,67,Avenal,Kings County,7065176167,Rural,Mental Health,Hpsa Geographic High Needs,Designated,1492992000000,1492992000000,0.75,20,22.7,0,0,177392:1,177392,11160,15001,11160,4507,8672,40.38530466,77.70609319,2, ,, ,,791339800.7,120501.407508,120501.407508,791339800.7,1208682730.39453,148891.267346158
152,152,031,Kings,68,Corcoran/Kettleman City/Stratford,Kings County,7065176167,Rural,Mental Health,Hpsa Geographic High Needs,Designated,1492992000000,1492992000000,0.75,20,22.7,0,0,177392:1,177392,18403,29815,18403,5265,11800,28.60946585,64.11998044,6, ,, ,,1756831548.65,185090.558461,185090.558461,1756831548.65,2690635577.54297,229094.393828388
153,153,031,Kings,69,Armona/Hanford/Lemoore,Kings County,7065176167,Urban,Mental Health,Hpsa Geographic High Needs,Designated,1492992000000,1492992000000,0.75,20,22.7,0,0,177392:1,177392,103997,106990,103997,18247,43814,17.54569843,42.13006144,19, ,, ,,1055880683.02,162433.980481,162433.980481,1055880683.02,1629249845.45703,201776.400191254
154,154,007,Butte,7.1,Chapmantown/Chico,Butte County,7063867880,Urban,Mental Health,Hpsa Geographic High Needs,Designated,1475539200000,1475539200000,3.7,20,21.5,10.74,0,58538:1,58538,92610,95838,92610,21246,40559,22.94136702,43.79548645,22, ,, ,,93146068.3146,64539.4529297,64539.4529297,93146068.3146,157705962.515625,83968.7086497854
155,155,007,Butte,7.2,Capay/Lake/Nord,Butte County,7063867880,Rural,Mental Health,Hpsa Geographic High Needs,Designated,1475539200000,1475539200000,3.7,20,21.5,10.74,0,58538:1,58538,5690,5721,5690,587,1245,10.31634446,21.88049209,1, ,, ,,324694846.366,119975.822124,119975.822124,324694846.366,550465870.148438,156160.573049046
156,156,007,Butte,7.3,Butte Meadows/Cohasset/Forest Ranch,Butte County,7063867880,Rural,Mental Health,Hpsa Geographic High Needs,Designated,1475539200000,1475539200000,3.7,20,21.5,10.74,0,58538:1,58538,5229,5241,5229,491,1282,9.38994072,24.51711608,1, ,, ,,558714968.477,185341.851649,185341.851649,558714968.477,950755426.285156,241885.825767781
157,157,007,Butte,7.4,Durham,Butte County,7063867880,Rural,Mental Health,Hpsa Geographic High Needs,Designated,1475539200000,1475539200000,3.7,20,21.5,10.74,0,58538:1,58538,5401,5435,5401,520,1006,9.6278467,18.62618034,1, ,, ,,354276653.842,102748.58112,102748.58112,354276653.842,597538983.078125,133452.398111769
158,158,033,Lake,70.1,Kelseyville/Lakeport,Low Income/Migrant Farmworker-Lake County,7065297125,Rural,Mental Health,Hpsa Population,Designated,1449100800000,1476403200000,0,20,24.3,2.12,0, ,0,15240,15710,15240,3135,6465,20.57086614,42.42125984,3, ,, ,,307820437.82,116269.547683,116269.547683,307820437.82,510487678.039063,149735.324880243
159,159,033,Lake,70.2,Lucerne/Nice/Upper Lake,Low Income/Migrant Farmworker-Lake County,7065297125,Rural,Mental Health,Hpsa Population,Designated,1449100800000,1476403200000,0,20,24.3,2.12,0, ,0,8153,8215,8153,2462,4708,30.19747332,57.74561511,3, ,, ,,1637534100.44,269756.418174,269756.418174,1637534100.44,2737176290.13281,348664.16223761
160,160,037,Los Angeles,77.1c,Lancaster Central/Palmdale North Central,"MSSA 77.1A-C, 77.2, 77.3, 77.5/Lancaster/Palmdale",7064408852,Urban,Mental Health,Hpsa Geographic High Needs,Designated,1468972800000,1509148800000,7.87,18,21.6,16.59,0,46621:1,46621,106886,107738,106886,30805,60654,28.8204255,56.74644013,23, ,, ,,165975074.956,72276.5120998,72276.5120998,165975074.956,245775421.089844,87957.045747107
161,161,037,Los Angeles,77.2,Lake Los Angeles,"MSSA 77.1A-C, 77.2, 77.3, 77.5/Lancaster/Palmdale",7064408852,Rural,Mental Health,Hpsa Geographic High Needs,Designated,1468972800000,1509148800000,7.87,18,21.6,16.59,0,46621:1,46621,17907,18560,17907,4332,9813,24.19165689,54.79979896,6, ,, ,,990548141.678,146249.277856,146249.277856,990548141.678,1469366800.22656,178060.190993929
162,162,037,Los Angeles,77.3,Juniper Hills/Littlerock/Longview/Pearblossom/Valyermo,"MSSA 77.1A-C, 77.2, 77.3, 77.5/Lancaster/Palmdale",7064408852,Rural,Mental Health,Hpsa Geographic High Needs,Designated,1468972800000,1509148800000,7.87,18,21.6,16.59,0,46621:1,46621,16703,16872,16703,2522,8007,15.099084,47.93749626,3, ,, ,,520571175.695,123932.695245,123932.695245,520571175.695,768463855.425781,150558.7008103
163,163,037,Los Angeles,77.4,Acton/Ravenna,MSSA 77.4-Acton,7068860509,Rural,Mental Health,Hpsa Geographic High Needs,Designated,1475625600000,1509148800000,0,16,8.6,0.71,0, ,0,11303,11432,11303,1240,2598,10.9705388,22.98504822,4, ,, ,,581743987.304,176778.143514,176778.143514,581743987.304,857670001.378906,214591.206705313
164,164,037,Los Angeles,77.5,Elizabeth Lake/Gorman/Green Valley/Lake Hughes/Leona Valley/Neenach,"MSSA 77.1A-C, 77.2, 77.3, 77.5/Lancaster/Palmdale",7064408852,Rural,Mental Health,Hpsa Geographic High Needs,Designated,1468972800000,1509148800000,7.87,18,21.6,16.59,0,46621:1,46621,25045,25189,25045,1760,4728,7.02735077,18.87801956,7, ,, ,,1067018681.28,259064.84394,259064.84394,1067018681.28,1583434894.21094,315389.1635852
165,165,037,Los Angeles,78.1,Avalon,MSSA 78.1/Avalon,7061740519,Frontier,Mental Health,Hpsa Geographic,Designated,1139788800000,1509148800000,0,10,10.7,0.2,0, ,0,3906,4051,3906,508,1577,13.00563236,40.37378392,2, ,, ,,343059081.867,194734.618992,194734.618992,343059081.866,491013561.753906,232903.160070112
166,166,037,Los Angeles,78.2bbb,Compton East,"MSSAs 78.2III,78.2BBB/North Long Beach/Compton Ea",7065456611,Urban,Mental Health,Hpsa Geographic High Needs,Designated,1232928000000,1509148800000,2.08,12,26.4,10.16,0,88302:1,88302,90233,90829,90233,25368,56536,28.11388295,62.65556947,20, ,, ,,20153333.9774,26341.4839134,26341.4839134,20153333.9774,29324214.078125,31765.9303689378
167,167,037,Los Angeles,78.2c,Bell Northeast/Bell Gardens/Commerce/Maywood/Montebello South,MSSA 78.2C/Bell Northeast,7065629373,Urban,Mental Health,Hpsa Geographic High Needs,Designated,1354579200000,1509148800000,0.8,12,23.8,7,0,146234:1,146234,117107,117826,117107,27267,67643,23.28383444,57.76170511,26, ,, ,,39917858.6267,36872.42645,36872.42645,39917858.6268,58218166.53125,44524.4484981735
168,168,037,Los Angeles,78.2ccc,Huntington Park/South Gate West/Walnut Park,MSSA 78.2CCC-Huntington Park,7063697448,Urban,Mental Health,Hpsa Geographic High Needs,Designated,1476403200000,1509148800000,1.26,12,26,5.7,0,82906:1,82906,103919,104290,103919,26006,62186,25.02526006,59.84083758,28, ,, ,,13521030.1946,27834.8853173,27834.8853173,13521030.1946,19705624.7578125,33607.2460887404
169,169,037,Los Angeles,78.2d,City Terrace East/East Los Angeles,MSSA 78.2D/City Terrace East,7067378960,Urban,Mental Health,Hpsa Geographic High Needs,Designated,1288915200000,1509148800000,2.5,12,26.9,3.9,0,38384:1,38384,95842,96591,95842,26239,60212,27.37735022,62.82423155,22, ,, ,,15043573.799,21698.9578854,21698.9578854,15043573.799,21959725.7929688,26219.6528215155
170,170,037,Los Angeles,78.2z,Mar Vista/Ocean Park/Santa Monica South/Venice,Low Income - MSSA 78.2Z/Mar Vista,7064808432,Urban,Mental Health,Hpsa Population,Designated,1129766400000,1509148800000,0,12,14.3,1.76,0, ,0,78766,79052,78766,11201,26354,14.2206028,33.45859889,21, ,, ,,16290449.0081,32158.3470461,32158.3470461,16290449.0081,23763241.5,38838.2209254034
171,171,043,Mariposa,85,Bootjack/Cathey’s Valley/Coulterville/Don Pedro/El Portal/Fish Camp/Mariposa,Mariposa County/MSSA 85/86,7069367794,Rural,Mental Health,Hpsa Geographic High Needs,Designated,1129766400000,1492992000000,0,19,16.3,0,0, ,0,16042,16195,16042,2543,5520,15.85213814,34.4096746,5, ,, ,,2763445985.84,286086.023312,286086.023312,2763445985.84,4402157756.58203,361222.351651644
172,172,043,Mariposa,86,Yosemite Valley,Mariposa County/MSSA 85/86,7069367794,Frontier,Mental Health,Hpsa Geographic High Needs,Designated,1129766400000,1492992000000,0,19,16.3,0,0, ,0,1866,1866,1866,333,802,17.84565916,42.97963558,1, ,, ,,1025243019.43,207075.728497,207075.728497,1025243019.43,1640974353.71484,261907.583087977
173,173,045,Mendocino,87.1,Boonville/Navarro/Philo/Yorkville,Low Income/Migrant Farmworker-Mendocino County,7061268703,Rural,Mental Health,Hpsa Population,Designated,1512086400000,1512086400000,0,20,20.2,2.64,0, ,0,3180,3219,3180,936,1891,29.43396226,59.46540881,1, ,, ,,650814945.989,231961.705419,231961.705419,650814945.989,1082431120.85156,299143.884648985
174,174,045,Mendocino,87.2,Elk/Little River/Mendocino,Low Income/Migrant Farmworker-Mendocino County,7061268703,Rural,Mental Health,Hpsa Population,Designated,1512086400000,1512086400000,0,20,20.2,2.64,0, ,0,6812,6989,6812,1015,2190,14.90017616,32.14914856,2, ,, ,,457217880.029,217937.57641,217937.57641,457217880.029,763695869.625,281566.883762382
175,175,045,Mendocino,88,Anchor Bay/Gualala/Manchester/Point Arena,Low Income/Migrant Farmworker-Mendocino County,7061268703,Rural,Mental Health,Hpsa Population,Designated,1512086400000,1512086400000,0,20,20.2,2.64,0, ,0,3465,3468,3465,425,1135,12.26551227,32.75613276,1, ,, ,,832812412.736,180759.030245,180759.030245,832812412.736,1377292247.76953,232484.284870371
176,176,045,Mendocino,89,Fort Bragg/Westport,Low Income/Migrant Farmworker-Mendocino County,7061268703,Rural,Mental Health,Hpsa Population,Designated,1512086400000,1512086400000,0,20,20.2,2.64,0, ,0,11739,12049,11739,2348,5286,20.00170372,45.02938922,3, ,, ,,488240753.628,141004.769441,141004.769441,488240753.628,820018562.753906,182727.288873553
177,177,007,Butte,9,Biggs/East Biggs/Gridley,Butte County,7063867880,Rural,Mental Health,Hpsa Geographic High Needs,Designated,1475539200000,1475539200000,3.7,20,21.5,10.74,0,58538:1,58538,13743,13878,13743,2665,5892,19.39169032,42.87273521,4, ,, ,,523638494.427,111582.435104,111582.435104,523638494.427,878415124.96875,144522.433780263
178,178,047,Merced,97.2,El Nido/Merced Southwest,Merced County,7064071745,Rural,Mental Health,Hpsa Geographic High Needs,Designated,1477267200000,1477267200000,3.71,20,25.5,13.37,0,69070:1,69070,26073,26901,26073,10020,19560,38.43056035,75.02013577,6, ,, ,,786580135.392,157940.237523,157940.237523,786580135.392,1242140293.50391,198440.078033617
179,179,047,Merced,97.3,Le Grand/Planada,Merced County,7064071745,Rural,Mental Health,Hpsa Geographic High Needs,Designated,1477267200000,1477267200000,3.71,20,25.5,13.37,0,69070:1,69070,8359,8383,8359,2545,5021,30.44622563,60.06699366,2, ,, ,,556869474.898,117963.733445,117963.733445,556869474.898,881287105.5625,148406.363817379
180,180,049,Modoc,98,Alturas/Canby,Modoc County,7064264160,Frontier,Mental Health,Hpsa Geographic High Needs,Designated,1196208000000,1509148800000,0,17,20.9,0.6,0, ,0,5697,6025,5697,1284,2330,22.53817799,40.89871862,2, ,, ,,6648779779.8,418724.327983,418724.327983,6648779779.8,11906674451.918,559999.444788345
181,181,049,Modoc,99,Surprise Valley,Modoc County,7064264160,Frontier,Mental Health,Hpsa Geographic High Needs,Designated,1196208000000,1509148800000,0,17,20.9,0.6,0, ,0,1202,1229,1202,186,467,15.47420965,38.85191348,1, ,, ,,1790638789.4,241935.793971,241935.793971,1790638789.4,3204688650.11719,324034.730142027
182,182,019,Fresno,30,Bowles/Caruthers/Easton/Kingsburg/Lanare/Laton/Raisin City/Riverdale/Selma,Low Income-Migrant Farmworker/MSSA 30/Caruthers/Raisin City,7068205011,Rural,Mental Health,Hpsa Population,Designated,1310947200000,1491177600000,0,17,30.2,0,0, ,0,91919,92673,91919,25231,51212,27.4491672,55.71427017,19, ,, ,,1229463647.6,169686.362514,169686.362514,1229463647.6,1908874863.83984,211425.557769663
183,183,019,Fresno,31,Auberry/Calwa/Centerville/Clovis East/Del Rey/Fowler/Friant/Sanger/Shaver Lake,MSSA 31 and 32 - Sanger/Reedley,7061528804,Rural,Mental Health,Hpsa Geographic High Needs,Designated,1204156800000,1490832000000,0.25,16,20.7,0,0,640276:1,640276,95577,96385,95577,13618,29396,14.24819779,30.75635352,23, ,, ,,5459588574.97,481890.821804,481890.821804,5459588574.97,8597365498.26172,604295.598988059
184,184,019,Fresno,32,Orange Cove/Parlier/Reedley/Squaw Valley/Tivy Valley/Wonder Valley,MSSA 31 and 32 - Sanger/Reedley,7061528804,Rural,Mental Health,Hpsa Geographic High Needs,Designated,1204156800000,1490832000000,0.25,16,20.7,0,0,640276:1,640276,61391,62014,61391,18037,36807,29.38052809,59.95504227,11, ,, ,,2454896084.45,367741.990842,367741.990842,2454896084.45,3836537268.73828,459666.238985056
185,185,019,Fresno,35b,Clovis West/Fresno East,MSSA 35B and D Clovis West/Fresno East,7068090536,Urban,Mental Health,Hpsa Geographic High Needs,Designated,1323043200000,1488153600000,7.17,11,30.9,0,0,28338:1,28338,100901,101468,100901,19326,37906,19.15342762,37.56751667,21, ,, ,,87446679.5956,61162.6793306,61162.6793306,87446679.5956,136533392.648438,76428.2880234225
186,186,019,Fresno,35d,Fresno East Central,MSSA 35B and D Clovis West/Fresno East,7068090536,Urban,Mental Health,Hpsa Geographic High Needs,Designated,1323043200000,1488153600000,7.17,11,30.9,0,0,28338:1,28338,99394,101104,99394,40110,69613,40.35454856,70.03742681,23, ,, ,,34903715.551,29836.4217968,29836.4217968,34903715.551,54482808.9921875,37278.6298864538
187,187,019,Fresno,35f,Fresno North Central,Low Income/Hmfw-MSSA 35F (Fresno North Central),7066472696,Urban,Mental Health,Hpsa Population,Designated,1310947200000,1485993600000,0.41,18,28.1,0,0,117739:1,117739,78680,80817,78680,20047,39299,25.47915608,49.94789019,20, ,, ,,42504019.4626,36847.9394174,36847.9394174,42504019.4626,66447224.4453125,46065.4981136979
188,188,021,Glenn,36.1,Orland,"MSSA 36.1,36.2,37-Glenn County",7066155508,Rural,Mental Health,Hpsa Geographic,Designated,527212800000,1509148800000,0.4,19,19.9,0.98,0,69050:1,69050,13140,13224,13140,2951,6203,22.45814307,47.20700152,2, ,, ,,151889285.072,60408.8269053,60408.8269053,151889285.072,257249913.921875,78597.5313911001
189,189,021,Glenn,36.2,Hamilton City,"MSSA 36.1,36.2,37-Glenn County",7066155508,Rural,Mental Health,Hpsa Geographic,Designated,527212800000,1509148800000,0.4,19,19.9,0.98,0,69050:1,69050,3469,3513,3469,763,1892,21.99481118,54.54021332,1, ,, ,,163078330.653,67376.1923712,67376.1923712,163078330.653,275997191.398438,87662.1660834555
190,190,033,Lake,71.1,Clearlake/Clearlake Oaks,Low Income/Migrant Farmworker-Lake County,7065297125,Rural,Mental Health,Hpsa Population,Designated,1449100800000,1476403200000,0,20,24.3,2.12,0, ,0,18798,18930,18798,6742,11946,35.86551761,63.54931376,5, ,, ,,489083207.504,167713.194113,167713.194113,489083207.504,812018539.921875,216073.600185571
191,191,033,Lake,71.2,Lower Lake,Low Income/Migrant Farmworker-Lake County,7065297125,Rural,Mental Health,Hpsa Population,Designated,1449100800000,1476403200000,0,20,24.3,2.12,0, ,0,10243,10336,10243,1737,3775,16.95792248,36.85443718,2, ,, ,,506471162.542,160808.548537,160808.548537,506471162.542,837407145.121094,206782.537527147
192,192,033,Lake,71.3,Cobb/Hidden Valley/Middletown,Low Income/Migrant Farmworker-Lake County,7065297125,Rural,Mental Health,Hpsa Population,Designated,1449100800000,1476403200000,0,20,24.3,2.12,0, ,0,10941,11069,10941,1784,4049,16.30563934,37.00758614,2, ,, ,,502278597.037,144551.964378,144551.964378,502278597.037,828144700.148438,185633.679124474
193,193,037,Los Angeles,77.1a,Palmdale Central,"MSSA 77.1A-C, 77.2, 77.3, 77.5/Lancaster/Palmdale",7064408852,Urban,Mental Health,Hpsa Geographic High Needs,Designated,1468972800000,1509148800000,7.87,18,21.6,16.59,0,46621:1,46621,98176,99449,98176,21522,50795,21.92185463,51.73871415,21, ,, ,,148570326.013,68894.6500495,68894.6500495,148570326.013,219484664.921875,83727.4596503796
194,194,037,Los Angeles,77.1b,Desert View Highlands/Lancaster West/Palmdale Northwest/Quartz Hill,"MSSA 77.1A-C, 77.2, 77.3, 77.5/Lancaster/Palmdale",7064408852,Urban,Mental Health,Hpsa Geographic High Needs,Designated,1468972800000,1509148800000,7.87,18,21.6,16.59,0,46621:1,46621,99415,105452,99415,14187,31623,14.27048232,31.80908314,20, ,, ,,111819712.979,45239.7605467,45239.7605467,111819712.979,165609381.632813,55070.0411302748
195,195,037,Los Angeles,78.2iii,North Long Beach,"MSSAs 78.2III,78.2BBB/North Long Beach/Compton Ea",7065456611,Urban,Mental Health,Hpsa Geographic High Needs,Designated,1232928000000,1509148800000,2.08,12,26.4,10.16,0,88302:1,88302,91125,91692,91125,20684,45800,22.69849108,50.260631,19, ,, ,,19137442.9155,21899.4079454,21899.4079454,19137442.9154,27827293.859375,26398.6574414364
196,196,045,Mendocino,90,Laytonville/Leggett/Piercy,Low Income/Migrant Farmworker-Mendocino County,7061268703,Frontier,Mental Health,Hpsa Population,Designated,1512086400000,1512086400000,0,20,20.2,2.64,0, ,0,3623,3637,3623,860,1817,23.73723434,50.15180789,1, ,, ,,1916606154.71,241551.750799,241551.750799,1916606154.71,3249820294.125,314428.241864554
197,197,045,Mendocino,91,Brooktrails/Pine Mountain/Willits,Low Income/Migrant Farmworker-Mendocino County,7061268703,Rural,Mental Health,Hpsa Population,Designated,1512086400000,1512086400000,0,20,20.2,2.64,0, ,0,12074,12122,12074,2335,5198,19.3390757,43.05118436,2, ,, ,,769009725.564,217918.840553,217918.840553,769009725.564,1291499114.38672,282324.115708174
198,198,045,Mendocino,92,Covelo/Dos Rios,Low Income/Migrant Farmworker-Mendocino County,7061268703,Frontier,Mental Health,Hpsa Population,Designated,1512086400000,1512086400000,0,20,20.2,2.64,0, ,0,2630,2637,2630,1011,1755,38.44106464,66.73003802,1, ,, ,,2016094973.05,222972.906462,222972.906462,2016094973.05,3415727819.30859,290167.273870253
199,199,045,Mendocino,93.1,Ukiah,Low Income/Migrant Farmworker-Mendocino County,7061268703,Rural,Mental Health,Hpsa Population,Designated,1512086400000,1512086400000,0,20,20.2,2.64,0, ,0,27980,28514,27980,5921,14288,21.16154396,51.06504646,5, ,, ,,632624345.642,199216.727388,199216.727388,632624345.642,1054345284.30859,257187.421575348
200,200,045,Mendocino,93.2,Redwood Valley,Low Income/Migrant Farmworker-Mendocino County,7061268703,Rural,Mental Health,Hpsa Population,Designated,1512086400000,1512086400000,0,20,20.2,2.64,0, ,0,6109,6109,6109,1029,1838,16.84400065,30.08675724,1, ,, ,,182588120.162,89690.8475567,89690.8475567,182588120.162,305491016.222656,116029.10416729
201,201,045,Mendocino,93.3,Potter Valley,Low Income/Migrant Farmworker-Mendocino County,7061268703,Rural,Mental Health,Hpsa Population,Designated,1512086400000,1512086400000,0,20,20.2,2.64,0, ,0,2199,2224,2199,317,549,14.41564347,24.96589359,1, ,, ,,311645171.573,120659.504709,120659.504709,311645171.573,521981761.648438,156217.859486493
202,202,045,Mendocino,93.4,Talmage,Low Income/Migrant Farmworker-Mendocino County,7061268703,Rural,Mental Health,Hpsa Population,Designated,1512086400000,1512086400000,0,20,20.2,2.64,0, ,0,4306,4499,4306,573,1178,13.30701347,27.35717603,1, ,, ,,181258736.165,84968.2176623,84968.2176623,181258736.165,301849034.597656,109629.855994224
203,203,045,Mendocino,93.5,Hopland,Low Income/Migrant Farmworker-Mendocino County,7061268703,Frontier,Mental Health,Hpsa Population,Designated,1512086400000,1512086400000,0,20,20.2,2.64,0, ,0,2008,2030,2008,451,999,22.46015936,49.75099602,1, ,, ,,657146083.068,173655.912451,173655.912451,657146083.068,1087649672.19141,223393.19344382
204,204,047,Merced,94,Dos Palos/Gustine/Los Banos,Merced County,7064071745,Rural,Mental Health,Hpsa Geographic High Needs,Designated,1477267200000,1477267200000,3.71,20,25.5,13.37,0,69070:1,69070,57645,58035,57645,15874,31484,27.53751409,54.61705265,8, ,, ,,2425806080.91,249986.79053,249986.79053,2425806080.91,3813935428.70703,313560.638281177
205,205,047,Merced,95,Ballico/Cressey/Delhi/Hilmar/Livingston,Merced County,7064071745,Rural,Mental Health,Hpsa Geographic High Needs,Designated,1477267200000,1477267200000,3.71,20,25.5,13.37,0,69070:1,69070,40122,40295,40122,7321,20162,18.24684712,50.25173222,8, ,, ,,494332456.182,118331.04607,118331.04607,494332456.182,784507048.3125,149040.141578715
206,206,047,Merced,96,Atwater/Snelling/Winton,Merced County,7064071745,Rural,Mental Health,Hpsa Geographic High Needs,Designated,1477267200000,1477267200000,3.71,20,25.5,13.37,0,69070:1,69070,49963,51620,49963,11108,25300,22.23245201,50.63747173,11, ,, ,,729116887.691,137364.520641,137364.520641,729116887.691,1159456928.51953,173179.847943997
207,207,047,Merced,97.1,Merced Central and North/Merced Southeast,Merced County,7064071745,Urban,Mental Health,Hpsa Geographic High Needs,Designated,1477267200000,1477267200000,3.71,20,25.5,13.37,0,69070:1,69070,71479,73473,71479,17622,33184,24.6533947,46.42482407,14, ,, ,,131610065.169,66573.2804687,66573.2804687,131610065.169,208435763.925781,83780.7042070684
